,DISTRITO,CLASE,ELECTORES
0,Buenos Aires,1900,0
1,Buenos Aires,1902,0
2,Buenos Aires,1906,1
3,Buenos Aires,1907,2
4,Buenos Aires,1908,1
5,Buenos Aires,1909,4
6,Buenos Aires,1910,6
7,Buenos Aires,1911,4
8,Buenos Aires,1912,4
9,Buenos Aires,1913,5
10,Buenos Aires,1914,10
11,Buenos Aires,1915,1
12,Buenos Aires,1916,6
13,Buenos Aires,1917,12
14,Buenos Aires,1918,322
15,Buenos Aires,1919,891
16,Buenos Aires,1920,3603
17,Buenos Aires,1921,3903
18,Buenos Aires,1922,4326
19,Buenos Aires,1923,4859
20,Buenos Aires,1924,5398
21,Buenos Aires,1925,6320
22,Buenos Aires,1926,7321
23,Buenos Aires,1927,8877
24,Buenos Aires,1928,10911
25,Buenos Aires,1929,12780
26,Buenos Aires,1930,15692
27,Buenos Aires,1931,17890
28,Buenos Aires,1932,20801
29,Buenos Aires,1933,22781
30,Buenos Aires,1934,25767
31,Buenos Aires,1935,29768
32,Buenos Aires,1936,32749
33,Buenos Aires,1937,36416
34,Buenos Aires,1938,41223
35,Buenos Aires,1939,46479
36,Buenos Aires,1940,51323
37,Buenos Aires,1941,54111
38,Buenos Aires,1942,58450
39,Buenos Aires,1943,65248
40,Buenos Aires,1944,71722
41,Buenos Aires,1945,79475
42,Buenos Aires,1946,82156
43,Buenos Aires,1947,87815
44,Buenos Aires,1948,95143
45,Buenos Aires,1949,98963
46,Buenos Aires,1950,107737
47,Buenos Aires,1951,113178
48,Buenos Aires,1952,115442
49,Buenos Aires,1953,120154
50,Buenos Aires,1954,124010
51,Buenos Aires,1955,128523
52,Buenos Aires,1956,133541
53,Buenos Aires,1957,136710
54,Buenos Aires,1958,140137
55,Buenos Aires,1959,143122
56,Buenos Aires,1960,145201
57,Buenos Aires,1961,150262
58,Buenos Aires,1962,155671
59,Buenos Aires,1963,157620
60,Buenos Aires,1964,158781
61,Buenos Aires,1965,161807
62,Buenos Aires,1966,160585
63,Buenos Aires,1967,165006
64,Buenos Aires,1968,168575
65,Buenos Aires,1969,177942
66,Buenos Aires,1970,187931
67,Buenos Aires,1971,199983
68,Buenos Aires,1972,199680
69,Buenos Aires,1973,200284
70,Buenos Aires,1974,206589
71,Buenos Aires,1975,219736
72,Buenos Aires,1976,223773
73,Buenos Aires,1977,239169
74,Buenos Aires,1978,241258
75,Buenos Aires,1979,246944
76,Buenos Aires,1980,244835
77,Buenos Aires,1981,243650
78,Buenos Aires,1982,244260
79,Buenos Aires,1983,228011
80,Buenos Aires,1984,227919
81,Buenos Aires,1985,235861
82,Buenos Aires,1986,247372
83,Buenos Aires,1987,244483
84,Buenos Aires,1988,251717
85,Buenos Aires,1989,250445
86,Buenos Aires,1990,259213
87,Buenos Aires,1991,268548
88,Buenos Aires,1992,256618
89,Buenos Aires,1993,253843
90,Buenos Aires,1994,260512
91,Buenos Aires,1995,265351
92,Buenos Aires,1996,266241
93,Buenos Aires,1997,261496
94,Buenos Aires,1998,262046
95,Buenos Aires,1999,257038
96,Buenos Aires,2000,263906
97,Buenos Aires,2001,252014
98,Buenos Aires,2002,255792
99,Buenos Aires,2003,254023
100,Buenos Aires,2004,263081
101,Buenos Aires,2005,249900
102,Buenos Aires,2006,237992
103,Buenos Aires,2007,169321
104,Capital Federal,1900,1
105,Capital Federal,1902,0
106,Capital Federal,1906,1
107,Capital Federal,1907,0
108,Capital Federal,1908,0
109,Capital Federal,1909,1
110,Capital Federal,1910,0
111,Capital Federal,1911,0
112,Capital Federal,1912,3
113,Capital Federal,1913,3
114,Capital Federal,1914,0
115,Capital Federal,1915,4
116,Capital Federal,1916,1
117,Capital Federal,1917,4
118,Capital Federal,1918,2
119,Capital Federal,1919,347
120,Capital Federal,1920,2026
121,Capital Federal,1921,2053
122,Capital Federal,1922,2338
123,Capital Federal,1923,2480
124,Capital Federal,1924,2970
125,Capital Federal,1925,3277
126,Capital Federal,1926,3724
127,Capital Federal,1927,4213
128,Capital Federal,1928,5090
129,Capital Federal,1929,5829
130,Capital Federal,1930,6807
131,Capital Federal,1931,7692
132,Capital Federal,1932,8456
133,Capital Federal,1933,8936
134,Capital Federal,1934,10466
135,Capital Federal,1935,11641
136,Capital Federal,1936,12396
137,Capital Federal,1937,13109
138,Capital Federal,1938,14643
139,Capital Federal,1939,16215
140,Capital Federal,1940,17542
141,Capital Federal,1941,18235
142,Capital Federal,1942,19006
143,Capital Federal,1943,21337
144,Capital Federal,1944,23053
145,Capital Federal,1945,24664
146,Capital Federal,1946,25023
147,Capital Federal,1947,25526
148,Capital Federal,1948,26791
149,Capital Federal,1949,27689
150,Capital Federal,1950,29745
151,Capital Federal,1951,29685
152,Capital Federal,1952,30141
153,Capital Federal,1953,30823
154,Capital Federal,1954,31274
155,Capital Federal,1955,32156
156,Capital Federal,1956,33129
157,Capital Federal,1957,33352
158,Capital Federal,1958,34138
159,Capital Federal,1959,34440
160,Capital Federal,1960,34436
161,Capital Federal,1961,34566
162,Capital Federal,1962,35536
163,Capital Federal,1963,34898
164,Capital Federal,1964,34534
165,Capital Federal,1965,34750
166,Capital Federal,1966,34550
167,Capital Federal,1967,35388
168,Capital Federal,1968,35591
169,Capital Federal,1969,36973
170,Capital Federal,1970,38338
171,Capital Federal,1971,40391
172,Capital Federal,1972,40661
173,Capital Federal,1973,41123
174,Capital Federal,1974,42912
175,Capital Federal,1975,45952
176,Capital Federal,1976,46056
177,Capital Federal,1977,46115
178,Capital Federal,1978,45594
179,Capital Federal,1979,45811
180,Capital Federal,1980,45120
181,Capital Federal,1981,44832
182,Capital Federal,1982,44047
183,Capital Federal,1983,42054
184,Capital Federal,1984,43116
185,Capital Federal,1985,43454
186,Capital Federal,1986,43743
187,Capital Federal,1987,42177
188,Capital Federal,1988,42661
189,Capital Federal,1989,40926
190,Capital Federal,1990,40528
191,Capital Federal,1991,39902
192,Capital Federal,1992,38042
193,Capital Federal,1993,36571
194,Capital Federal,1994,36791
195,Capital Federal,1995,36749
196,Capital Federal,1996,35983
197,Capital Federal,1997,34953
198,Capital Federal,1998,34753
199,Capital Federal,1999,34164
200,Capital Federal,2000,35050
201,Capital Federal,2001,33888
202,Capital Federal,2002,32852
203,Capital Federal,2003,33156
204,Capital Federal,2004,33882
205,Capital Federal,2005,32845
206,Capital Federal,2006,31217
207,Capital Federal,2007,22984
208,Catamarca,1900,0
209,Catamarca,1902,0
210,Catamarca,1906,0
211,Catamarca,1907,0
212,Catamarca,1908,0
213,Catamarca,1909,0
214,Catamarca,1910,0
215,Catamarca,1911,0
216,Catamarca,1912,0
217,Catamarca,1913,0
218,Catamarca,1914,0
219,Catamarca,1915,0
220,Catamarca,1916,0
221,Catamarca,1917,0
222,Catamarca,1918,0
223,Catamarca,1919,13
224,Catamarca,1920,78
225,Catamarca,1921,81
226,Catamarca,1922,109
227,Catamarca,1923,102
228,Catamarca,1924,101
229,Catamarca,1925,140
230,Catamarca,1926,158
231,Catamarca,1927,183
232,Catamarca,1928,221
233,Catamarca,1929,260
234,Catamarca,1930,318
235,Catamarca,1931,363
236,Catamarca,1932,452
237,Catamarca,1933,458
238,Catamarca,1934,508
239,Catamarca,1935,617
240,Catamarca,1936,600
241,Catamarca,1937,778
242,Catamarca,1938,774
243,Catamarca,1939,919
244,Catamarca,1940,1047
245,Catamarca,1941,1158
246,Catamarca,1942,1238
247,Catamarca,1943,1328
248,Catamarca,1944,1486
249,Catamarca,1945,1652
250,Catamarca,1946,1659
251,Catamarca,1947,1841
252,Catamarca,1948,2076
253,Catamarca,1949,2218
254,Catamarca,1950,2446
255,Catamarca,1951,2588
256,Catamarca,1952,2713
257,Catamarca,1953,2779
258,Catamarca,1954,2982
259,Catamarca,1955,2985
260,Catamarca,1956,3149
261,Catamarca,1957,3173
262,Catamarca,1958,3306
263,Catamarca,1959,3381
264,Catamarca,1960,3414
265,Catamarca,1961,3571
266,Catamarca,1962,3569
267,Catamarca,1963,3678
268,Catamarca,1964,3739
269,Catamarca,1965,3891
270,Catamarca,1966,3864
271,Catamarca,1967,3988
272,Catamarca,1968,4151
273,Catamarca,1969,4356
274,Catamarca,1970,4612
275,Catamarca,1971,4802
276,Catamarca,1972,4741
277,Catamarca,1973,4953
278,Catamarca,1974,5274
279,Catamarca,1975,5688
280,Catamarca,1976,5866
281,Catamarca,1977,6310
282,Catamarca,1978,6301
283,Catamarca,1979,6475
284,Catamarca,1980,6485
285,Catamarca,1981,6263
286,Catamarca,1982,6359
287,Catamarca,1983,5967
288,Catamarca,1984,6198
289,Catamarca,1985,6406
290,Catamarca,1986,6773
291,Catamarca,1987,6476
292,Catamarca,1988,6638
293,Catamarca,1989,6530
294,Catamarca,1990,6876
295,Catamarca,1991,7478
296,Catamarca,1992,7645
297,Catamarca,1993,7511
298,Catamarca,1994,7570
299,Catamarca,1995,7826
300,Catamarca,1996,7795
301,Catamarca,1997,7912
302,Catamarca,1998,7937
303,Catamarca,1999,7835
304,Catamarca,2000,7962
305,Catamarca,2001,7552
306,Catamarca,2002,7580
307,Catamarca,2003,7282
308,Catamarca,2004,6977
309,Catamarca,2005,6546
310,Catamarca,2006,6095
311,Catamarca,2007,4013
312,Chaco,1900,0
313,Chaco,1902,0
314,Chaco,1906,0
315,Chaco,1907,0
316,Chaco,1908,0
317,Chaco,1909,0
318,Chaco,1910,0
319,Chaco,1911,0
320,Chaco,1912,0
321,Chaco,1913,1
322,Chaco,1914,0
323,Chaco,1915,4
324,Chaco,1916,1
325,Chaco,1917,2
326,Chaco,1918,26
327,Chaco,1919,82
328,Chaco,1920,419
329,Chaco,1921,372
330,Chaco,1922,470
331,Chaco,1923,519
332,Chaco,1924,525
333,Chaco,1925,647
334,Chaco,1926,686
335,Chaco,1927,730
336,Chaco,1928,831
337,Chaco,1929,914
338,Chaco,1930,1155
339,Chaco,1931,1150
340,Chaco,1932,1227
341,Chaco,1933,1332
342,Chaco,1934,1553
343,Chaco,1935,1868
344,Chaco,1936,2091
345,Chaco,1937,2192
346,Chaco,1938,2408
347,Chaco,1939,2671
348,Chaco,1940,3049
349,Chaco,1941,2956
350,Chaco,1942,3479
351,Chaco,1943,3786
352,Chaco,1944,3976
353,Chaco,1945,4275
354,Chaco,1946,4463
355,Chaco,1947,5135
356,Chaco,1948,5594
357,Chaco,1949,5752
358,Chaco,1950,6420
359,Chaco,1951,7222
360,Chaco,1952,7306
361,Chaco,1953,8122
362,Chaco,1954,8082
363,Chaco,1955,8516
364,Chaco,1956,9542
365,Chaco,1957,9824
366,Chaco,1958,9549
367,Chaco,1959,9910
368,Chaco,1960,10461
369,Chaco,1961,10401
370,Chaco,1962,11076
371,Chaco,1963,11005
372,Chaco,1964,11574
373,Chaco,1965,11668
374,Chaco,1966,11747
375,Chaco,1967,12386
376,Chaco,1968,11355
377,Chaco,1969,12025
378,Chaco,1970,12546
379,Chaco,1971,12827
380,Chaco,1972,13256
381,Chaco,1973,13415
382,Chaco,1974,14257
383,Chaco,1975,14977
384,Chaco,1976,15604
385,Chaco,1977,16260
386,Chaco,1978,17578
387,Chaco,1979,18800
388,Chaco,1980,18532
389,Chaco,1981,18592
390,Chaco,1982,19239
391,Chaco,1983,18057
392,Chaco,1984,18167
393,Chaco,1985,18952
394,Chaco,1986,19825
395,Chaco,1987,19642
396,Chaco,1988,19817
397,Chaco,1989,20234
398,Chaco,1990,21651
399,Chaco,1991,23446
400,Chaco,1992,23404
401,Chaco,1993,22547
402,Chaco,1994,23662
403,Chaco,1995,23585
404,Chaco,1996,24332
405,Chaco,1997,24040
406,Chaco,1998,24341
407,Chaco,1999,24252
408,Chaco,2000,22483
409,Chaco,2001,21563
410,Chaco,2002,23213
411,Chaco,2003,22475
412,Chaco,2004,21863
413,Chaco,2005,20109
414,Chaco,2006,18132
415,Chaco,2007,11405
416,Chubut,1900,0
417,Chubut,1902,0
418,Chubut,1906,0
419,Chubut,1907,0
420,Chubut,1908,0
421,Chubut,1909,0
422,Chubut,1910,0
423,Chubut,1911,0
424,Chubut,1912,0
425,Chubut,1913,0
426,Chubut,1914,0
427,Chubut,1915,0
428,Chubut,1916,0
429,Chubut,1917,0
430,Chubut,1918,2
431,Chubut,1919,16
432,Chubut,1920,88
433,Chubut,1921,115
434,Chubut,1922,134
435,Chubut,1923,170
436,Chubut,1924,207
437,Chubut,1925,223
438,Chubut,1926,288
439,Chubut,1927,290
440,Chubut,1928,358
441,Chubut,1929,429
442,Chubut,1930,440
443,Chubut,1931,533
444,Chubut,1932,590
445,Chubut,1933,640
446,Chubut,1934,757
447,Chubut,1935,911
448,Chubut,1936,955
449,Chubut,1937,1089
450,Chubut,1938,1232
451,Chubut,1939,1311
452,Chubut,1940,1507
453,Chubut,1941,1595
454,Chubut,1942,1754
455,Chubut,1943,1989
456,Chubut,1944,2067
457,Chubut,1945,2245
458,Chubut,1946,2438
459,Chubut,1947,2514
460,Chubut,1948,2904
461,Chubut,1949,3078
462,Chubut,1950,3268
463,Chubut,1951,3462
464,Chubut,1952,3780
465,Chubut,1953,4017
466,Chubut,1954,3965
467,Chubut,1955,4230
468,Chubut,1956,4516
469,Chubut,1957,4573
470,Chubut,1958,4675
471,Chubut,1959,4755
472,Chubut,1960,4992
473,Chubut,1961,5226
474,Chubut,1962,5533
475,Chubut,1963,5533
476,Chubut,1964,5568
477,Chubut,1965,5592
478,Chubut,1966,5658
479,Chubut,1967,5634
480,Chubut,1968,5853
481,Chubut,1969,6098
482,Chubut,1970,6462
483,Chubut,1971,6874
484,Chubut,1972,7005
485,Chubut,1973,7297
486,Chubut,1974,7515
487,Chubut,1975,8371
488,Chubut,1976,8562
489,Chubut,1977,9289
490,Chubut,1978,9489
491,Chubut,1979,9750
492,Chubut,1980,9654
493,Chubut,1981,9661
494,Chubut,1982,9785
495,Chubut,1983,9404
496,Chubut,1984,9258
497,Chubut,1985,9619
498,Chubut,1986,10139
499,Chubut,1987,9971
500,Chubut,1988,9699
501,Chubut,1989,9713
502,Chubut,1990,9906
503,Chubut,1991,10396
504,Chubut,1992,9977
505,Chubut,1993,9718
506,Chubut,1994,10160
507,Chubut,1995,9915
508,Chubut,1996,10072
509,Chubut,1997,9876
510,Chubut,1998,9663
511,Chubut,1999,9532
512,Chubut,2000,9532
513,Chubut,2001,9110
514,Chubut,2002,8870
515,Chubut,2003,8690
516,Chubut,2004,8815
517,Chubut,2005,8632
518,Chubut,2006,8138
519,Chubut,2007,5877
520,Cordoba,1900,0
521,Cordoba,1902,0
522,Cordoba,1906,0
523,Cordoba,1907,0
524,Cordoba,1908,0
525,Cordoba,1909,0
526,Cordoba,1910,0
527,Cordoba,1911,0
528,Cordoba,1912,0
529,Cordoba,1913,0
530,Cordoba,1914,1
531,Cordoba,1915,0
532,Cordoba,1916,1
533,Cordoba,1917,1
534,Cordoba,1918,4
535,Cordoba,1919,203
536,Cordoba,1920,1070
537,Cordoba,1921,1130
538,Cordoba,1922,1148
539,Cordoba,1923,1411
540,Cordoba,1924,1496
541,Cordoba,1925,1724
542,Cordoba,1926,1947
543,Cordoba,1927,2291
544,Cordoba,1928,2740
545,Cordoba,1929,3197
546,Cordoba,1930,3954
547,Cordoba,1931,4375
548,Cordoba,1932,5170
549,Cordoba,1933,5721
550,Cordoba,1934,6483
551,Cordoba,1935,7654
552,Cordoba,1936,8380
553,Cordoba,1937,9344
554,Cordoba,1938,10383
555,Cordoba,1939,11790
556,Cordoba,1940,13265
557,Cordoba,1941,14209
558,Cordoba,1942,15153
559,Cordoba,1943,16760
560,Cordoba,1944,18234
561,Cordoba,1945,20445
562,Cordoba,1946,21098
563,Cordoba,1947,22720
564,Cordoba,1948,24427
565,Cordoba,1949,25889
566,Cordoba,1950,26991
567,Cordoba,1951,28039
568,Cordoba,1952,28205
569,Cordoba,1953,29708
570,Cordoba,1954,30178
571,Cordoba,1955,30780
572,Cordoba,1956,32264
573,Cordoba,1957,32258
574,Cordoba,1958,32979
575,Cordoba,1959,33826
576,Cordoba,1960,35133
577,Cordoba,1961,36842
578,Cordoba,1962,37394
579,Cordoba,1963,37983
580,Cordoba,1964,38279
581,Cordoba,1965,38435
582,Cordoba,1966,37675
583,Cordoba,1967,38596
584,Cordoba,1968,38952
585,Cordoba,1969,41186
586,Cordoba,1970,42637
587,Cordoba,1971,44766
588,Cordoba,1972,44949
589,Cordoba,1973,45912
590,Cordoba,1974,47608
591,Cordoba,1975,50048
592,Cordoba,1976,51080
593,Cordoba,1977,54596
594,Cordoba,1978,56677
595,Cordoba,1979,59199
596,Cordoba,1980,58560
597,Cordoba,1981,58440
598,Cordoba,1982,58328
599,Cordoba,1983,54524
600,Cordoba,1984,53945
601,Cordoba,1985,55601
602,Cordoba,1986,58122
603,Cordoba,1987,56543
604,Cordoba,1988,57221
605,Cordoba,1989,57381
606,Cordoba,1990,60554
607,Cordoba,1991,61977
608,Cordoba,1992,61068
609,Cordoba,1993,59218
610,Cordoba,1994,60684
611,Cordoba,1995,60731
612,Cordoba,1996,61488
613,Cordoba,1997,60213
614,Cordoba,1998,60088
615,Cordoba,1999,59962
616,Cordoba,2000,59879
617,Cordoba,2001,56506
618,Cordoba,2002,57089
619,Cordoba,2003,57358
620,Cordoba,2004,56413
621,Cordoba,2005,52892
622,Cordoba,2006,49311
623,Cordoba,2007,33999
624,Corrientes,1900,0
625,Corrientes,1902,0
626,Corrientes,1906,0
627,Corrientes,1907,0
628,Corrientes,1908,0
629,Corrientes,1909,1
630,Corrientes,1910,0
631,Corrientes,1911,0
632,Corrientes,1912,0
633,Corrientes,1913,2
634,Corrientes,1914,0
635,Corrientes,1915,1
636,Corrientes,1916,0
637,Corrientes,1917,0
638,Corrientes,1918,0
639,Corrientes,1919,108
640,Corrientes,1920,402
641,Corrientes,1921,416
642,Corrientes,1922,470
643,Corrientes,1923,500
644,Corrientes,1924,601
645,Corrientes,1925,600
646,Corrientes,1926,667
647,Corrientes,1927,729
648,Corrientes,1928,866
649,Corrientes,1929,876
650,Corrientes,1930,1107
651,Corrientes,1931,1145
652,Corrientes,1932,1267
653,Corrientes,1933,1425
654,Corrientes,1934,1556
655,Corrientes,1935,1898
656,Corrientes,1936,2125
657,Corrientes,1937,2147
658,Corrientes,1938,2650
659,Corrientes,1939,2715
660,Corrientes,1940,3121
661,Corrientes,1941,3163
662,Corrientes,1942,3574
663,Corrientes,1943,3801
664,Corrientes,1944,4386
665,Corrientes,1945,4830
666,Corrientes,1946,5039
667,Corrientes,1947,5444
668,Corrientes,1948,5821
669,Corrientes,1949,6303
670,Corrientes,1950,6943
671,Corrientes,1951,7456
672,Corrientes,1952,7619
673,Corrientes,1953,7974
674,Corrientes,1954,8656
675,Corrientes,1955,8839
676,Corrientes,1956,9440
677,Corrientes,1957,9529
678,Corrientes,1958,9560
679,Corrientes,1959,9649
680,Corrientes,1960,9932
681,Corrientes,1961,10415
682,Corrientes,1962,10735
683,Corrientes,1963,11072
684,Corrientes,1964,11211
685,Corrientes,1965,11552
686,Corrientes,1966,11331
687,Corrientes,1967,11456
688,Corrientes,1968,11404
689,Corrientes,1969,11723
690,Corrientes,1970,11942
691,Corrientes,1971,12517
692,Corrientes,1972,12790
693,Corrientes,1973,12793
694,Corrientes,1974,13439
695,Corrientes,1975,14123
696,Corrientes,1976,14493
697,Corrientes,1977,15199
698,Corrientes,1978,15817
699,Corrientes,1979,17254
700,Corrientes,1980,17055
701,Corrientes,1981,16901
702,Corrientes,1982,16897
703,Corrientes,1983,16240
704,Corrientes,1984,16003
705,Corrientes,1985,17015
706,Corrientes,1986,17968
707,Corrientes,1987,17745
708,Corrientes,1988,18298
709,Corrientes,1989,18258
710,Corrientes,1990,19539
711,Corrientes,1991,21157
712,Corrientes,1992,20483
713,Corrientes,1993,19985
714,Corrientes,1994,20695
715,Corrientes,1995,20689
716,Corrientes,1996,21196
717,Corrientes,1997,21103
718,Corrientes,1998,21237
719,Corrientes,1999,21321
720,Corrientes,2000,21387
721,Corrientes,2001,19639
722,Corrientes,2002,20609
723,Corrientes,2003,20115
724,Corrientes,2004,20470
725,Corrientes,2005,17906
726,Corrientes,2006,16056
727,Corrientes,2007,11012
728,Entre Rios,1900,0
729,Entre Rios,1902,0
730,Entre Rios,1906,0
731,Entre Rios,1907,1
732,Entre Rios,1908,1
733,Entre Rios,1909,0
734,Entre Rios,1910,1
735,Entre Rios,1911,1
736,Entre Rios,1912,1
737,Entre Rios,1913,1
738,Entre Rios,1914,0
739,Entre Rios,1915,1
740,Entre Rios,1916,0
741,Entre Rios,1917,0
742,Entre Rios,1918,0
743,Entre Rios,1919,55
744,Entre Rios,1920,286
745,Entre Rios,1921,354
746,Entre Rios,1922,336
747,Entre Rios,1923,391
748,Entre Rios,1924,477
749,Entre Rios,1925,564
750,Entre Rios,1926,696
751,Entre Rios,1927,854
752,Entre Rios,1928,985
753,Entre Rios,1929,1168
754,Entre Rios,1930,1515
755,Entre Rios,1931,1730
756,Entre Rios,1932,1919
757,Entre Rios,1933,2137
758,Entre Rios,1934,2404
759,Entre Rios,1935,2816
760,Entre Rios,1936,3133
761,Entre Rios,1937,3314
762,Entre Rios,1938,3926
763,Entre Rios,1939,4419
764,Entre Rios,1940,5029
765,Entre Rios,1941,5034
766,Entre Rios,1942,5476
767,Entre Rios,1943,6017
768,Entre Rios,1944,6595
769,Entre Rios,1945,7055
770,Entre Rios,1946,7248
771,Entre Rios,1947,8100
772,Entre Rios,1948,8630
773,Entre Rios,1949,8954
774,Entre Rios,1950,9632
775,Entre Rios,1951,10001
776,Entre Rios,1952,10186
777,Entre Rios,1953,10691
778,Entre Rios,1954,11239
779,Entre Rios,1955,11460
780,Entre Rios,1956,11941
781,Entre Rios,1957,12048
782,Entre Rios,1958,12003
783,Entre Rios,1959,12629
784,Entre Rios,1960,12571
785,Entre Rios,1961,13334
786,Entre Rios,1962,13657
787,Entre Rios,1963,13997
788,Entre Rios,1964,14257
789,Entre Rios,1965,14263
790,Entre Rios,1966,14395
791,Entre Rios,1967,14213
792,Entre Rios,1968,14110
793,Entre Rios,1969,14668
794,Entre Rios,1970,15396
795,Entre Rios,1971,16230
796,Entre Rios,1972,16826
797,Entre Rios,1973,16841
798,Entre Rios,1974,17361
799,Entre Rios,1975,18139
800,Entre Rios,1976,18390
801,Entre Rios,1977,20043
802,Entre Rios,1978,20472
803,Entre Rios,1979,21350
804,Entre Rios,1980,21068
805,Entre Rios,1981,20877
806,Entre Rios,1982,21179
807,Entre Rios,1983,20189
808,Entre Rios,1984,20418
809,Entre Rios,1985,20800
810,Entre Rios,1986,21619
811,Entre Rios,1987,20814
812,Entre Rios,1988,21481
813,Entre Rios,1989,21597
814,Entre Rios,1990,23003
815,Entre Rios,1991,24158
816,Entre Rios,1992,22923
817,Entre Rios,1993,22700
818,Entre Rios,1994,22987
819,Entre Rios,1995,23067
820,Entre Rios,1996,23418
821,Entre Rios,1997,23966
822,Entre Rios,1998,23610
823,Entre Rios,1999,23382
824,Entre Rios,2000,24099
825,Entre Rios,2001,22138
826,Entre Rios,2002,22591
827,Entre Rios,2003,22950
828,Entre Rios,2004,22282
829,Entre Rios,2005,20520
830,Entre Rios,2006,18648
831,Entre Rios,2007,13008
832,Formosa,1900,0
833,Formosa,1902,0
834,Formosa,1906,0
835,Formosa,1907,0
836,Formosa,1908,0
837,Formosa,1909,0
838,Formosa,1910,0
839,Formosa,1911,0
840,Formosa,1912,0
841,Formosa,1913,1
842,Formosa,1914,0
843,Formosa,1915,0
844,Formosa,1916,0
845,Formosa,1917,0
846,Formosa,1918,0
847,Formosa,1919,37
848,Formosa,1920,292
849,Formosa,1921,225
850,Formosa,1922,244
851,Formosa,1923,264
852,Formosa,1924,295
853,Formosa,1925,322
854,Formosa,1926,355
855,Formosa,1927,399
856,Formosa,1928,492
857,Formosa,1929,430
858,Formosa,1930,555
859,Formosa,1931,628
860,Formosa,1932,604
861,Formosa,1933,625
862,Formosa,1934,694
863,Formosa,1935,894
864,Formosa,1936,964
865,Formosa,1937,1029
866,Formosa,1938,1162
867,Formosa,1939,1284
868,Formosa,1940,1434
869,Formosa,1941,1402
870,Formosa,1942,1651
871,Formosa,1943,1784
872,Formosa,1944,2031
873,Formosa,1945,2259
874,Formosa,1946,2161
875,Formosa,1947,2581
876,Formosa,1948,2685
877,Formosa,1949,2868
878,Formosa,1950,3273
879,Formosa,1951,3732
880,Formosa,1952,3876
881,Formosa,1953,3955
882,Formosa,1954,4077
883,Formosa,1955,4087
884,Formosa,1956,4934
885,Formosa,1957,5259
886,Formosa,1958,4975
887,Formosa,1959,4810
888,Formosa,1960,5087
889,Formosa,1961,5015
890,Formosa,1962,5589
891,Formosa,1963,5208
892,Formosa,1964,5514
893,Formosa,1965,5748
894,Formosa,1966,6087
895,Formosa,1967,6094
896,Formosa,1968,5777
897,Formosa,1969,5714
898,Formosa,1970,6002
899,Formosa,1971,6289
900,Formosa,1972,6468
901,Formosa,1973,6451
902,Formosa,1974,7108
903,Formosa,1975,7089
904,Formosa,1976,7620
905,Formosa,1977,7906
906,Formosa,1978,8097
907,Formosa,1979,8384
908,Formosa,1980,8547
909,Formosa,1981,8412
910,Formosa,1982,8730
911,Formosa,1983,7834
912,Formosa,1984,8069
913,Formosa,1985,8369
914,Formosa,1986,9188
915,Formosa,1987,9192
916,Formosa,1988,9436
917,Formosa,1989,9114
918,Formosa,1990,9750
919,Formosa,1991,10698
920,Formosa,1992,10705
921,Formosa,1993,10719
922,Formosa,1994,11231
923,Formosa,1995,11333
924,Formosa,1996,11674
925,Formosa,1997,11489
926,Formosa,1998,11462
927,Formosa,1999,11748
928,Formosa,2000,11636
929,Formosa,2001,10452
930,Formosa,2002,11450
931,Formosa,2003,10905
932,Formosa,2004,11464
933,Formosa,2005,10161
934,Formosa,2006,9349
935,Formosa,2007,6579
936,Jujuy,1900,0
937,Jujuy,1902,0
938,Jujuy,1906,0
939,Jujuy,1907,0
940,Jujuy,1908,0
941,Jujuy,1909,0
942,Jujuy,1910,0
943,Jujuy,1911,0
944,Jujuy,1912,0
945,Jujuy,1913,0
946,Jujuy,1914,0
947,Jujuy,1915,0
948,Jujuy,1916,0
949,Jujuy,1917,0
950,Jujuy,1918,6
951,Jujuy,1919,28
952,Jujuy,1920,128
953,Jujuy,1921,144
954,Jujuy,1922,131
955,Jujuy,1923,149
956,Jujuy,1924,143
957,Jujuy,1925,159
958,Jujuy,1926,201
959,Jujuy,1927,239
960,Jujuy,1928,297
961,Jujuy,1929,330
962,Jujuy,1930,464
963,Jujuy,1931,510
964,Jujuy,1932,581
965,Jujuy,1933,600
966,Jujuy,1934,720
967,Jujuy,1935,818
968,Jujuy,1936,1009
969,Jujuy,1937,1135
970,Jujuy,1938,1226
971,Jujuy,1939,1480
972,Jujuy,1940,1692
973,Jujuy,1941,1784
974,Jujuy,1942,2050
975,Jujuy,1943,2041
976,Jujuy,1944,2194
977,Jujuy,1945,2559
978,Jujuy,1946,2761
979,Jujuy,1947,3033
980,Jujuy,1948,3294
981,Jujuy,1949,3428
982,Jujuy,1950,3904
983,Jujuy,1951,3981
984,Jujuy,1952,4482
985,Jujuy,1953,4588
986,Jujuy,1954,4781
987,Jujuy,1955,4939
988,Jujuy,1956,5262
989,Jujuy,1957,5562
990,Jujuy,1958,5522
991,Jujuy,1959,5584
992,Jujuy,1960,5555
993,Jujuy,1961,5853
994,Jujuy,1962,6226
995,Jujuy,1963,6219
996,Jujuy,1964,6515
997,Jujuy,1965,6613
998,Jujuy,1966,6572
999,Jujuy,1967,6741
1000,Jujuy,1968,7052
1001,Jujuy,1969,7490
1002,Jujuy,1970,7969
1003,Jujuy,1971,8177
1004,Jujuy,1972,8572
1005,Jujuy,1973,8497
1006,Jujuy,1974,9798
1007,Jujuy,1975,10363
1008,Jujuy,1976,10220
1009,Jujuy,1977,10847
1010,Jujuy,1978,11178
1011,Jujuy,1979,11859
1012,Jujuy,1980,11875
1013,Jujuy,1981,11913
1014,Jujuy,1982,11692
1015,Jujuy,1983,10815
1016,Jujuy,1984,11087
1017,Jujuy,1985,11365
1018,Jujuy,1986,12168
1019,Jujuy,1987,11856
1020,Jujuy,1988,11404
1021,Jujuy,1989,11284
1022,Jujuy,1990,11074
1023,Jujuy,1991,13116
1024,Jujuy,1992,13440
1025,Jujuy,1993,13158
1026,Jujuy,1994,13480
1027,Jujuy,1995,13664
1028,Jujuy,1996,13787
1029,Jujuy,1997,13401
1030,Jujuy,1998,13517
1031,Jujuy,1999,13617
1032,Jujuy,2000,13618
1033,Jujuy,2001,12906
1034,Jujuy,2002,12911
1035,Jujuy,2003,12512
1036,Jujuy,2004,12820
1037,Jujuy,2005,12481
1038,Jujuy,2006,11251
1039,Jujuy,2007,8049
1040,La Pampa,1900,0
1041,La Pampa,1902,0
1042,La Pampa,1906,0
1043,La Pampa,1907,0
1044,La Pampa,1908,0
1045,La Pampa,1909,0
1046,La Pampa,1910,0
1047,La Pampa,1911,0
1048,La Pampa,1912,0
1049,La Pampa,1913,0
1050,La Pampa,1914,0
1051,La Pampa,1915,0
1052,La Pampa,1916,0
1053,La Pampa,1917,0
1054,La Pampa,1918,0
1055,La Pampa,1919,5
1056,La Pampa,1920,36
1057,La Pampa,1921,43
1058,La Pampa,1922,47
1059,La Pampa,1923,68
1060,La Pampa,1924,85
1061,La Pampa,1925,102
1062,La Pampa,1926,119
1063,La Pampa,1927,141
1064,La Pampa,1928,201
1065,La Pampa,1929,230
1066,La Pampa,1930,282
1067,La Pampa,1931,363
1068,La Pampa,1932,412
1069,La Pampa,1933,501
1070,La Pampa,1934,558
1071,La Pampa,1935,721
1072,La Pampa,1936,806
1073,La Pampa,1937,912
1074,La Pampa,1938,1051
1075,La Pampa,1939,1098
1076,La Pampa,1940,1306
1077,La Pampa,1941,1490
1078,La Pampa,1942,1542
1079,La Pampa,1943,1655
1080,La Pampa,1944,1896
1081,La Pampa,1945,2032
1082,La Pampa,1946,2182
1083,La Pampa,1947,2280
1084,La Pampa,1948,2404
1085,La Pampa,1949,2557
1086,La Pampa,1950,2682
1087,La Pampa,1951,2703
1088,La Pampa,1952,2806
1089,La Pampa,1953,2904
1090,La Pampa,1954,3050
1091,La Pampa,1955,3093
1092,La Pampa,1956,3207
1093,La Pampa,1957,3323
1094,La Pampa,1958,3212
1095,La Pampa,1959,3337
1096,La Pampa,1960,3564
1097,La Pampa,1961,3675
1098,La Pampa,1962,3909
1099,La Pampa,1963,3801
1100,La Pampa,1964,3891
1101,La Pampa,1965,3921
1102,La Pampa,1966,3840
1103,La Pampa,1967,3820
1104,La Pampa,1968,3964
1105,La Pampa,1969,4013
1106,La Pampa,1970,4154
1107,La Pampa,1971,4366
1108,La Pampa,1972,4395
1109,La Pampa,1973,4525
1110,La Pampa,1974,4650
1111,La Pampa,1975,4773
1112,La Pampa,1976,4880
1113,La Pampa,1977,5278
1114,La Pampa,1978,5163
1115,La Pampa,1979,5634
1116,La Pampa,1980,5499
1117,La Pampa,1981,5503
1118,La Pampa,1982,5502
1119,La Pampa,1983,5401
1120,La Pampa,1984,5381
1121,La Pampa,1985,5534
1122,La Pampa,1986,5795
1123,La Pampa,1987,5676
1124,La Pampa,1988,5828
1125,La Pampa,1989,5819
1126,La Pampa,1990,6138
1127,La Pampa,1991,6407
1128,La Pampa,1992,6110
1129,La Pampa,1993,5861
1130,La Pampa,1994,5926
1131,La Pampa,1995,5920
1132,La Pampa,1996,6064
1133,La Pampa,1997,5871
1134,La Pampa,1998,5738
1135,La Pampa,1999,5513
1136,La Pampa,2000,5691
1137,La Pampa,2001,5447
1138,La Pampa,2002,5375
1139,La Pampa,2003,5669
1140,La Pampa,2004,5508
1141,La Pampa,2005,5234
1142,La Pampa,2006,4840
1143,La Pampa,2007,3251
1144,La Rioja,1900,0
1145,La Rioja,1902,0
1146,La Rioja,1906,0
1147,La Rioja,1907,0
1148,La Rioja,1908,0
1149,La Rioja,1909,0
1150,La Rioja,1910,0
1151,La Rioja,1911,2
1152,La Rioja,1912,0
1153,La Rioja,1913,0
1154,La Rioja,1914,0
1155,La Rioja,1915,0
1156,La Rioja,1916,1
1157,La Rioja,1917,0
1158,La Rioja,1918,4
1159,La Rioja,1919,14
1160,La Rioja,1920,79
1161,La Rioja,1921,76
1162,La Rioja,1922,82
1163,La Rioja,1923,104
1164,La Rioja,1924,96
1165,La Rioja,1925,107
1166,La Rioja,1926,118
1167,La Rioja,1927,147
1168,La Rioja,1928,161
1169,La Rioja,1929,221
1170,La Rioja,1930,254
1171,La Rioja,1931,267
1172,La Rioja,1932,304
1173,La Rioja,1933,380
1174,La Rioja,1934,408
1175,La Rioja,1935,469
1176,La Rioja,1936,482
1177,La Rioja,1937,615
1178,La Rioja,1938,595
1179,La Rioja,1939,730
1180,La Rioja,1940,852
1181,La Rioja,1941,871
1182,La Rioja,1942,986
1183,La Rioja,1943,1090
1184,La Rioja,1944,1244
1185,La Rioja,1945,1313
1186,La Rioja,1946,1478
1187,La Rioja,1947,1546
1188,La Rioja,1948,1663
1189,La Rioja,1949,1815
1190,La Rioja,1950,1984
1191,La Rioja,1951,2158
1192,La Rioja,1952,2250
1193,La Rioja,1953,2558
1194,La Rioja,1954,2455
1195,La Rioja,1955,2665
1196,La Rioja,1956,2598
1197,La Rioja,1957,2677
1198,La Rioja,1958,2881
1199,La Rioja,1959,2960
1200,La Rioja,1960,3110
1201,La Rioja,1961,3281
1202,La Rioja,1962,3391
1203,La Rioja,1963,3368
1204,La Rioja,1964,3514
1205,La Rioja,1965,3494
1206,La Rioja,1966,3580
1207,La Rioja,1967,3581
1208,La Rioja,1968,3758
1209,La Rioja,1969,3803
1210,La Rioja,1970,4021
1211,La Rioja,1971,4204
1212,La Rioja,1972,4186
1213,La Rioja,1973,4466
1214,La Rioja,1974,4730
1215,La Rioja,1975,5041
1216,La Rioja,1976,5272
1217,La Rioja,1977,5641
1218,La Rioja,1978,5752
1219,La Rioja,1979,6118
1220,La Rioja,1980,6058
1221,La Rioja,1981,5871
1222,La Rioja,1982,5874
1223,La Rioja,1983,5411
1224,La Rioja,1984,5412
1225,La Rioja,1985,5560
1226,La Rioja,1986,5924
1227,La Rioja,1987,5867
1228,La Rioja,1988,6100
1229,La Rioja,1989,6038
1230,La Rioja,1990,6487
1231,La Rioja,1991,7010
1232,La Rioja,1992,7204
1233,La Rioja,1993,7124
1234,La Rioja,1994,7382
1235,La Rioja,1995,7463
1236,La Rioja,1996,7363
1237,La Rioja,1997,7036
1238,La Rioja,1998,6580
1239,La Rioja,1999,6503
1240,La Rioja,2000,6657
1241,La Rioja,2001,6259
1242,La Rioja,2002,6585
1243,La Rioja,2003,6395
1244,La Rioja,2004,6584
1245,La Rioja,2005,6056
1246,La Rioja,2006,5652
1247,La Rioja,2007,3784
1248,Mendoza,1900,0
1249,Mendoza,1902,1
1250,Mendoza,1906,0
1251,Mendoza,1907,0
1252,Mendoza,1908,0
1253,Mendoza,1909,0
1254,Mendoza,1910,0
1255,Mendoza,1911,0
1256,Mendoza,1912,0
1257,Mendoza,1913,0
1258,Mendoza,1914,0
1259,Mendoza,1915,0
1260,Mendoza,1916,0
1261,Mendoza,1917,1
1262,Mendoza,1918,0
1263,Mendoza,1919,35
1264,Mendoza,1920,253
1265,Mendoza,1921,271
1266,Mendoza,1922,496
1267,Mendoza,1923,587
1268,Mendoza,1924,605
1269,Mendoza,1925,741
1270,Mendoza,1926,812
1271,Mendoza,1927,1042
1272,Mendoza,1928,1127
1273,Mendoza,1929,1455
1274,Mendoza,1930,1661
1275,Mendoza,1931,1958
1276,Mendoza,1932,2241
1277,Mendoza,1933,2332
1278,Mendoza,1934,2874
1279,Mendoza,1935,3282
1280,Mendoza,1936,3611
1281,Mendoza,1937,4005
1282,Mendoza,1938,4435
1283,Mendoza,1939,5290
1284,Mendoza,1940,5961
1285,Mendoza,1941,6571
1286,Mendoza,1942,6857
1287,Mendoza,1943,7907
1288,Mendoza,1944,8582
1289,Mendoza,1945,9484
1290,Mendoza,1946,9794
1291,Mendoza,1947,10579
1292,Mendoza,1948,11537
1293,Mendoza,1949,12122
1294,Mendoza,1950,12872
1295,Mendoza,1951,13198
1296,Mendoza,1952,13668
1297,Mendoza,1953,14344
1298,Mendoza,1954,14735
1299,Mendoza,1955,14996
1300,Mendoza,1956,15260
1301,Mendoza,1957,15884
1302,Mendoza,1958,15412
1303,Mendoza,1959,15942
1304,Mendoza,1960,16206
1305,Mendoza,1961,16902
1306,Mendoza,1962,17171
1307,Mendoza,1963,17389
1308,Mendoza,1964,17092
1309,Mendoza,1965,17101
1310,Mendoza,1966,17176
1311,Mendoza,1967,18207
1312,Mendoza,1968,18279
1313,Mendoza,1969,19378
1314,Mendoza,1970,20560
1315,Mendoza,1971,21245
1316,Mendoza,1972,21687
1317,Mendoza,1973,22367
1318,Mendoza,1974,23571
1319,Mendoza,1975,24729
1320,Mendoza,1976,24994
1321,Mendoza,1977,26462
1322,Mendoza,1978,27085
1323,Mendoza,1979,28051
1324,Mendoza,1980,27671
1325,Mendoza,1981,28505
1326,Mendoza,1982,27756
1327,Mendoza,1983,26057
1328,Mendoza,1984,26501
1329,Mendoza,1985,27623
1330,Mendoza,1986,29730
1331,Mendoza,1987,29998
1332,Mendoza,1988,29608
1333,Mendoza,1989,28963
1334,Mendoza,1990,30007
1335,Mendoza,1991,31776
1336,Mendoza,1992,31168
1337,Mendoza,1993,30559
1338,Mendoza,1994,30807
1339,Mendoza,1995,31150
1340,Mendoza,1996,30471
1341,Mendoza,1997,29799
1342,Mendoza,1998,30345
1343,Mendoza,1999,29677
1344,Mendoza,2000,29610
1345,Mendoza,2001,27452
1346,Mendoza,2002,26975
1347,Mendoza,2003,26637
1348,Mendoza,2004,28588
1349,Mendoza,2005,28774
1350,Mendoza,2006,27100
1351,Mendoza,2007,18598
1352,Misiones,1900,0
1353,Misiones,1902,0
1354,Misiones,1906,0
1355,Misiones,1907,0
1356,Misiones,1908,0
1357,Misiones,1909,0
1358,Misiones,1910,0
1359,Misiones,1911,0
1360,Misiones,1912,0
1361,Misiones,1913,0
1362,Misiones,1914,0
1363,Misiones,1915,0
1364,Misiones,1916,0
1365,Misiones,1917,0
1366,Misiones,1918,0
1367,Misiones,1919,46
1368,Misiones,1920,206
1369,Misiones,1921,203
1370,Misiones,1922,235
1371,Misiones,1923,246
1372,Misiones,1924,274
1373,Misiones,1925,306
1374,Misiones,1926,373
1375,Misiones,1927,439
1376,Misiones,1928,507
1377,Misiones,1929,523
1378,Misiones,1930,679
1379,Misiones,1931,780
1380,Misiones,1932,796
1381,Misiones,1933,1010
1382,Misiones,1934,1192
1383,Misiones,1935,1370
1384,Misiones,1936,1468
1385,Misiones,1937,1655
1386,Misiones,1938,1930
1387,Misiones,1939,2074
1388,Misiones,1940,2489
1389,Misiones,1941,2419
1390,Misiones,1942,2746
1391,Misiones,1943,3040
1392,Misiones,1944,3378
1393,Misiones,1945,3840
1394,Misiones,1946,3925
1395,Misiones,1947,4349
1396,Misiones,1948,4880
1397,Misiones,1949,5306
1398,Misiones,1950,5963
1399,Misiones,1951,6319
1400,Misiones,1952,7078
1401,Misiones,1953,7334
1402,Misiones,1954,7850
1403,Misiones,1955,8366
1404,Misiones,1956,8977
1405,Misiones,1957,9749
1406,Misiones,1958,9540
1407,Misiones,1959,9911
1408,Misiones,1960,10594
1409,Misiones,1961,10527
1410,Misiones,1962,11313
1411,Misiones,1963,11357
1412,Misiones,1964,11690
1413,Misiones,1965,12022
1414,Misiones,1966,11493
1415,Misiones,1967,11887
1416,Misiones,1968,11466
1417,Misiones,1969,11734
1418,Misiones,1970,12773
1419,Misiones,1971,13042
1420,Misiones,1972,13202
1421,Misiones,1973,13398
1422,Misiones,1974,14251
1423,Misiones,1975,14976
1424,Misiones,1976,15558
1425,Misiones,1977,16160
1426,Misiones,1978,16544
1427,Misiones,1979,17632
1428,Misiones,1980,17499
1429,Misiones,1981,17865
1430,Misiones,1982,18078
1431,Misiones,1983,17469
1432,Misiones,1984,17885
1433,Misiones,1985,18852
1434,Misiones,1986,19458
1435,Misiones,1987,19530
1436,Misiones,1988,19788
1437,Misiones,1989,20222
1438,Misiones,1990,20810
1439,Misiones,1991,22754
1440,Misiones,1992,22064
1441,Misiones,1993,22180
1442,Misiones,1994,23010
1443,Misiones,1995,23583
1444,Misiones,1996,23991
1445,Misiones,1997,23901
1446,Misiones,1998,24143
1447,Misiones,1999,24453
1448,Misiones,2000,25457
1449,Misiones,2001,23478
1450,Misiones,2002,23805
1451,Misiones,2003,23503
1452,Misiones,2004,23509
1453,Misiones,2005,21311
1454,Misiones,2006,20267
1455,Misiones,2007,14227
1456,Neuquen,1900,0
1457,Neuquen,1902,0
1458,Neuquen,1906,0
1459,Neuquen,1907,0
1460,Neuquen,1908,0
1461,Neuquen,1909,0
1462,Neuquen,1910,0
1463,Neuquen,1911,0
1464,Neuquen,1912,0
1465,Neuquen,1913,0
1466,Neuquen,1914,0
1467,Neuquen,1915,0
1468,Neuquen,1916,0
1469,Neuquen,1917,0
1470,Neuquen,1918,0
1471,Neuquen,1919,4
1472,Neuquen,1920,60
1473,Neuquen,1921,60
1474,Neuquen,1922,71
1475,Neuquen,1923,76
1476,Neuquen,1924,81
1477,Neuquen,1925,112
1478,Neuquen,1926,135
1479,Neuquen,1927,155
1480,Neuquen,1928,225
1481,Neuquen,1929,235
1482,Neuquen,1930,310
1483,Neuquen,1931,336
1484,Neuquen,1932,451
1485,Neuquen,1933,493
1486,Neuquen,1934,567
1487,Neuquen,1935,744
1488,Neuquen,1936,837
1489,Neuquen,1937,881
1490,Neuquen,1938,1033
1491,Neuquen,1939,1167
1492,Neuquen,1940,1430
1493,Neuquen,1941,1409
1494,Neuquen,1942,1659
1495,Neuquen,1943,1835
1496,Neuquen,1944,2038
1497,Neuquen,1945,2267
1498,Neuquen,1946,2440
1499,Neuquen,1947,2702
1500,Neuquen,1948,2961
1501,Neuquen,1949,3231
1502,Neuquen,1950,3360
1503,Neuquen,1951,3636
1504,Neuquen,1952,3809
1505,Neuquen,1953,4087
1506,Neuquen,1954,4296
1507,Neuquen,1955,4493
1508,Neuquen,1956,4858
1509,Neuquen,1957,5011
1510,Neuquen,1958,4954
1511,Neuquen,1959,5209
1512,Neuquen,1960,5492
1513,Neuquen,1961,5569
1514,Neuquen,1962,5983
1515,Neuquen,1963,6047
1516,Neuquen,1964,6398
1517,Neuquen,1965,6524
1518,Neuquen,1966,6602
1519,Neuquen,1967,6668
1520,Neuquen,1968,6914
1521,Neuquen,1969,7265
1522,Neuquen,1970,7788
1523,Neuquen,1971,8357
1524,Neuquen,1972,8511
1525,Neuquen,1973,8712
1526,Neuquen,1974,9130
1527,Neuquen,1975,9835
1528,Neuquen,1976,9810
1529,Neuquen,1977,10820
1530,Neuquen,1978,10962
1531,Neuquen,1979,11454
1532,Neuquen,1980,11432
1533,Neuquen,1981,11324
1534,Neuquen,1982,11309
1535,Neuquen,1983,10988
1536,Neuquen,1984,11116
1537,Neuquen,1985,11520
1538,Neuquen,1986,12100
1539,Neuquen,1987,12123
1540,Neuquen,1988,12580
1541,Neuquen,1989,12522
1542,Neuquen,1990,13065
1543,Neuquen,1991,13696
1544,Neuquen,1992,12972
1545,Neuquen,1993,12584
1546,Neuquen,1994,12442
1547,Neuquen,1995,12344
1548,Neuquen,1996,12221
1549,Neuquen,1997,12265
1550,Neuquen,1998,11721
1551,Neuquen,1999,11429
1552,Neuquen,2000,11358
1553,Neuquen,2001,10457
1554,Neuquen,2002,10285
1555,Neuquen,2003,9964
1556,Neuquen,2004,10329
1557,Neuquen,2005,9982
1558,Neuquen,2006,9958
1559,Neuquen,2007,7103
1560,Rio Negro,1900,0
1561,Rio Negro,1902,0
1562,Rio Negro,1906,0
1563,Rio Negro,1907,0
1564,Rio Negro,1908,0
1565,Rio Negro,1909,0
1566,Rio Negro,1910,0
1567,Rio Negro,1911,0
1568,Rio Negro,1912,0
1569,Rio Negro,1913,0
1570,Rio Negro,1914,0
1571,Rio Negro,1915,0
1572,Rio Negro,1916,0
1573,Rio Negro,1917,0
1574,Rio Negro,1918,0
1575,Rio Negro,1919,22
1576,Rio Negro,1920,121
1577,Rio Negro,1921,128
1578,Rio Negro,1922,135
1579,Rio Negro,1923,160
1580,Rio Negro,1924,175
1581,Rio Negro,1925,217
1582,Rio Negro,1926,260
1583,Rio Negro,1927,326
1584,Rio Negro,1928,378
1585,Rio Negro,1929,414
1586,Rio Negro,1930,590
1587,Rio Negro,1931,578
1588,Rio Negro,1932,745
1589,Rio Negro,1933,805
1590,Rio Negro,1934,917
1591,Rio Negro,1935,1068
1592,Rio Negro,1936,1188
1593,Rio Negro,1937,1315
1594,Rio Negro,1938,1537
1595,Rio Negro,1939,1651
1596,Rio Negro,1940,1961
1597,Rio Negro,1941,1990
1598,Rio Negro,1942,2306
1599,Rio Negro,1943,2513
1600,Rio Negro,1944,2680
1601,Rio Negro,1945,3071
1602,Rio Negro,1946,3224
1603,Rio Negro,1947,3397
1604,Rio Negro,1948,3776
1605,Rio Negro,1949,4020
1606,Rio Negro,1950,4276
1607,Rio Negro,1951,4412
1608,Rio Negro,1952,4620
1609,Rio Negro,1953,4943
1610,Rio Negro,1954,5211
1611,Rio Negro,1955,5161
1612,Rio Negro,1956,5592
1613,Rio Negro,1957,5642
1614,Rio Negro,1958,5876
1615,Rio Negro,1959,6028
1616,Rio Negro,1960,6109
1617,Rio Negro,1961,6562
1618,Rio Negro,1962,6756
1619,Rio Negro,1963,6914
1620,Rio Negro,1964,7025
1621,Rio Negro,1965,7339
1622,Rio Negro,1966,7136
1623,Rio Negro,1967,7196
1624,Rio Negro,1968,7234
1625,Rio Negro,1969,7642
1626,Rio Negro,1970,8077
1627,Rio Negro,1971,8591
1628,Rio Negro,1972,8827
1629,Rio Negro,1973,9033
1630,Rio Negro,1974,9586
1631,Rio Negro,1975,10043
1632,Rio Negro,1976,10518
1633,Rio Negro,1977,11251
1634,Rio Negro,1978,11417
1635,Rio Negro,1979,11832
1636,Rio Negro,1980,11830
1637,Rio Negro,1981,11781
1638,Rio Negro,1982,11888
1639,Rio Negro,1983,11442
1640,Rio Negro,1984,11617
1641,Rio Negro,1985,12021
1642,Rio Negro,1986,12665
1643,Rio Negro,1987,12475
1644,Rio Negro,1988,12694
1645,Rio Negro,1989,12731
1646,Rio Negro,1990,12938
1647,Rio Negro,1991,13677
1648,Rio Negro,1992,12835
1649,Rio Negro,1993,12770
1650,Rio Negro,1994,12693
1651,Rio Negro,1995,12675
1652,Rio Negro,1996,12700
1653,Rio Negro,1997,12567
1654,Rio Negro,1998,12089
1655,Rio Negro,1999,11899
1656,Rio Negro,2000,12156
1657,Rio Negro,2001,11509
1658,Rio Negro,2002,11252
1659,Rio Negro,2003,10867
1660,Rio Negro,2004,10781
1661,Rio Negro,2005,10825
1662,Rio Negro,2006,10087
1663,Rio Negro,2007,7100
1664,Salta,1900,0
1665,Salta,1902,0
1666,Salta,1906,0
1667,Salta,1907,0
1668,Salta,1908,0
1669,Salta,1909,0
1670,Salta,1910,0
1671,Salta,1911,0
1672,Salta,1912,0
1673,Salta,1913,0
1674,Salta,1914,40
1675,Salta,1915,33
1676,Salta,1916,48
1677,Salta,1917,1
1678,Salta,1918,26
1679,Salta,1919,87
1680,Salta,1920,424
1681,Salta,1921,315
1682,Salta,1922,379
1683,Salta,1923,419
1684,Salta,1924,487
1685,Salta,1925,532
1686,Salta,1926,530
1687,Salta,1927,631
1688,Salta,1928,679
1689,Salta,1929,864
1690,Salta,1930,1057
1691,Salta,1931,1113
1692,Salta,1932,1338
1693,Salta,1933,1390
1694,Salta,1934,1543
1695,Salta,1935,1794
1696,Salta,1936,1936
1697,Salta,1937,2233
1698,Salta,1938,2563
1699,Salta,1939,2817
1700,Salta,1940,3167
1701,Salta,1941,3228
1702,Salta,1942,3800
1703,Salta,1943,4110
1704,Salta,1944,4365
1705,Salta,1945,4789
1706,Salta,1946,5126
1707,Salta,1947,5686
1708,Salta,1948,6101
1709,Salta,1949,6470
1710,Salta,1950,7261
1711,Salta,1951,7585
1712,Salta,1952,8041
1713,Salta,1953,8520
1714,Salta,1954,8806
1715,Salta,1955,9050
1716,Salta,1956,9737
1717,Salta,1957,9798
1718,Salta,1958,9861
1719,Salta,1959,9879
1720,Salta,1960,10488
1721,Salta,1961,10779
1722,Salta,1962,11577
1723,Salta,1963,11627
1724,Salta,1964,11989
1725,Salta,1965,12195
1726,Salta,1966,12334
1727,Salta,1967,12770
1728,Salta,1968,13002
1729,Salta,1969,13688
1730,Salta,1970,14178
1731,Salta,1971,14675
1732,Salta,1972,15042
1733,Salta,1973,15339
1734,Salta,1974,16993
1735,Salta,1975,18003
1736,Salta,1976,18017
1737,Salta,1977,18964
1738,Salta,1978,19067
1739,Salta,1979,20042
1740,Salta,1980,20136
1741,Salta,1981,20560
1742,Salta,1982,20202
1743,Salta,1983,19390
1744,Salta,1984,20392
1745,Salta,1985,20667
1746,Salta,1986,22152
1747,Salta,1987,21637
1748,Salta,1988,21908
1749,Salta,1989,21009
1750,Salta,1990,21512
1751,Salta,1991,24239
1752,Salta,1992,24486
1753,Salta,1993,24868
1754,Salta,1994,25628
1755,Salta,1995,25487
1756,Salta,1996,25625
1757,Salta,1997,25531
1758,Salta,1998,25553
1759,Salta,1999,25721
1760,Salta,2000,26213
1761,Salta,2001,24895
1762,Salta,2002,25357
1763,Salta,2003,24068
1764,Salta,2004,24294
1765,Salta,2005,23365
1766,Salta,2006,21362
1767,Salta,2007,14372
1768,San Juan,1900,0
1769,San Juan,1902,0
1770,San Juan,1906,0
1771,San Juan,1907,0
1772,San Juan,1908,0
1773,San Juan,1909,0
1774,San Juan,1910,0
1775,San Juan,1911,0
1776,San Juan,1912,0
1777,San Juan,1913,0
1778,San Juan,1914,0
1779,San Juan,1915,0
1780,San Juan,1916,0
1781,San Juan,1917,0
1782,San Juan,1918,1
1783,San Juan,1919,22
1784,San Juan,1920,109
1785,San Juan,1921,92
1786,San Juan,1922,115
1787,San Juan,1923,139
1788,San Juan,1924,184
1789,San Juan,1925,183
1790,San Juan,1926,211
1791,San Juan,1927,242
1792,San Juan,1928,308
1793,San Juan,1929,421
1794,San Juan,1930,507
1795,San Juan,1931,586
1796,San Juan,1932,693
1797,San Juan,1933,729
1798,San Juan,1934,884
1799,San Juan,1935,1063
1800,San Juan,1936,1222
1801,San Juan,1937,1327
1802,San Juan,1938,1549
1803,San Juan,1939,1771
1804,San Juan,1940,2026
1805,San Juan,1941,2190
1806,San Juan,1942,2505
1807,San Juan,1943,2821
1808,San Juan,1944,3139
1809,San Juan,1945,3568
1810,San Juan,1946,3667
1811,San Juan,1947,3874
1812,San Juan,1948,4359
1813,San Juan,1949,4638
1814,San Juan,1950,4930
1815,San Juan,1951,5089
1816,San Juan,1952,5255
1817,San Juan,1953,5472
1818,San Juan,1954,5492
1819,San Juan,1955,5679
1820,San Juan,1956,5917
1821,San Juan,1957,5882
1822,San Juan,1958,6219
1823,San Juan,1959,6202
1824,San Juan,1960,6204
1825,San Juan,1961,6638
1826,San Juan,1962,6776
1827,San Juan,1963,6912
1828,San Juan,1964,6948
1829,San Juan,1965,6759
1830,San Juan,1966,6867
1831,San Juan,1967,7280
1832,San Juan,1968,7442
1833,San Juan,1969,7801
1834,San Juan,1970,8154
1835,San Juan,1971,8710
1836,San Juan,1972,8702
1837,San Juan,1973,9146
1838,San Juan,1974,9902
1839,San Juan,1975,10448
1840,San Juan,1976,10035
1841,San Juan,1977,10415
1842,San Juan,1978,10742
1843,San Juan,1979,11308
1844,San Juan,1980,11004
1845,San Juan,1981,11336
1846,San Juan,1982,11343
1847,San Juan,1983,10468
1848,San Juan,1984,10519
1849,San Juan,1985,10802
1850,San Juan,1986,11335
1851,San Juan,1987,11200
1852,San Juan,1988,11669
1853,San Juan,1989,11024
1854,San Juan,1990,11606
1855,San Juan,1991,13126
1856,San Juan,1992,12859
1857,San Juan,1993,12707
1858,San Juan,1994,12868
1859,San Juan,1995,13166
1860,San Juan,1996,12800
1861,San Juan,1997,12889
1862,San Juan,1998,13070
1863,San Juan,1999,13081
1864,San Juan,2000,13598
1865,San Juan,2001,12908
1866,San Juan,2002,13273
1867,San Juan,2003,13034
1868,San Juan,2004,13659
1869,San Juan,2005,13400
1870,San Juan,2006,12556
1871,San Juan,2007,8764
1872,San Luis,1900,0
1873,San Luis,1902,0
1874,San Luis,1906,0
1875,San Luis,1907,0
1876,San Luis,1908,0
1877,San Luis,1909,0
1878,San Luis,1910,0
1879,San Luis,1911,0
1880,San Luis,1912,0
1881,San Luis,1913,0
1882,San Luis,1914,0
1883,San Luis,1915,0
1884,San Luis,1916,0
1885,San Luis,1917,0
1886,San Luis,1918,0
1887,San Luis,1919,15
1888,San Luis,1920,98
1889,San Luis,1921,95
1890,San Luis,1922,119
1891,San Luis,1923,97
1892,San Luis,1924,146
1893,San Luis,1925,157
1894,San Luis,1926,156
1895,San Luis,1927,205
1896,San Luis,1928,252
1897,San Luis,1929,309
1898,San Luis,1930,332
1899,San Luis,1931,401
1900,San Luis,1932,444
1901,San Luis,1933,553
1902,San Luis,1934,606
1903,San Luis,1935,700
1904,San Luis,1936,819
1905,San Luis,1937,911
1906,San Luis,1938,1065
1907,San Luis,1939,1200
1908,San Luis,1940,1357
1909,San Luis,1941,1471
1910,San Luis,1942,1632
1911,San Luis,1943,1809
1912,San Luis,1944,2111
1913,San Luis,1945,2314
1914,San Luis,1946,2383
1915,San Luis,1947,2632
1916,San Luis,1948,2706
1917,San Luis,1949,2968
1918,San Luis,1950,3176
1919,San Luis,1951,3335
1920,San Luis,1952,3375
1921,San Luis,1953,3649
1922,San Luis,1954,3689
1923,San Luis,1955,3832
1924,San Luis,1956,4018
1925,San Luis,1957,4092
1926,San Luis,1958,4226
1927,San Luis,1959,4359
1928,San Luis,1960,4415
1929,San Luis,1961,4726
1930,San Luis,1962,4847
1931,San Luis,1963,5045
1932,San Luis,1964,5152
1933,San Luis,1965,5024
1934,San Luis,1966,5159
1935,San Luis,1967,5307
1936,San Luis,1968,5334
1937,San Luis,1969,5468
1938,San Luis,1970,5859
1939,San Luis,1971,6323
1940,San Luis,1972,6158
1941,San Luis,1973,6341
1942,San Luis,1974,6461
1943,San Luis,1975,6951
1944,San Luis,1976,7045
1945,San Luis,1977,7961
1946,San Luis,1978,8246
1947,San Luis,1979,8204
1948,San Luis,1980,8110
1949,San Luis,1981,7965
1950,San Luis,1982,8199
1951,San Luis,1983,7640
1952,San Luis,1984,7515
1953,San Luis,1985,7555
1954,San Luis,1986,7814
1955,San Luis,1987,7736
1956,San Luis,1988,7957
1957,San Luis,1989,8148
1958,San Luis,1990,8572
1959,San Luis,1991,9036
1960,San Luis,1992,8548
1961,San Luis,1993,8623
1962,San Luis,1994,8789
1963,San Luis,1995,9235
1964,San Luis,1996,9294
1965,San Luis,1997,9069
1966,San Luis,1998,9012
1967,San Luis,1999,9034
1968,San Luis,2000,9125
1969,San Luis,2001,8614
1970,San Luis,2002,8843
1971,San Luis,2003,8492
1972,San Luis,2004,8781
1973,San Luis,2005,8260
1974,San Luis,2006,8062
1975,San Luis,2007,5501
1976,Santa Cruz,1900,0
1977,Santa Cruz,1902,0
1978,Santa Cruz,1906,0
1979,Santa Cruz,1907,0
1980,Santa Cruz,1908,0
1981,Santa Cruz,1909,0
1982,Santa Cruz,1910,0
1983,Santa Cruz,1911,0
1984,Santa Cruz,1912,0
1985,Santa Cruz,1913,0
1986,Santa Cruz,1914,0
1987,Santa Cruz,1915,0
1988,Santa Cruz,1916,0
1989,Santa Cruz,1917,0
1990,Santa Cruz,1918,0
1991,Santa Cruz,1919,7
1992,Santa Cruz,1920,29
1993,Santa Cruz,1921,32
1994,Santa Cruz,1922,47
1995,Santa Cruz,1923,39
1996,Santa Cruz,1924,65
1997,Santa Cruz,1925,50
1998,Santa Cruz,1926,63
1999,Santa Cruz,1927,73
2000,Santa Cruz,1928,104
2001,Santa Cruz,1929,100
2002,Santa Cruz,1930,143
2003,Santa Cruz,1931,144
2004,Santa Cruz,1932,165
2005,Santa Cruz,1933,185
2006,Santa Cruz,1934,205
2007,Santa Cruz,1935,254
2008,Santa Cruz,1936,334
2009,Santa Cruz,1937,334
2010,Santa Cruz,1938,428
2011,Santa Cruz,1939,477
2012,Santa Cruz,1940,524
2013,Santa Cruz,1941,559
2014,Santa Cruz,1942,630
2015,Santa Cruz,1943,674
2016,Santa Cruz,1944,768
2017,Santa Cruz,1945,774
2018,Santa Cruz,1946,870
2019,Santa Cruz,1947,954
2020,Santa Cruz,1948,1090
2021,Santa Cruz,1949,1260
2022,Santa Cruz,1950,1313
2023,Santa Cruz,1951,1436
2024,Santa Cruz,1952,1538
2025,Santa Cruz,1953,1766
2026,Santa Cruz,1954,1857
2027,Santa Cruz,1955,1911
2028,Santa Cruz,1956,2069
2029,Santa Cruz,1957,2090
2030,Santa Cruz,1958,2221
2031,Santa Cruz,1959,2378
2032,Santa Cruz,1960,2500
2033,Santa Cruz,1961,2582
2034,Santa Cruz,1962,2735
2035,Santa Cruz,1963,2861
2036,Santa Cruz,1964,2943
2037,Santa Cruz,1965,2913
2038,Santa Cruz,1966,2894
2039,Santa Cruz,1967,2961
2040,Santa Cruz,1968,3223
2041,Santa Cruz,1969,3312
2042,Santa Cruz,1970,3426
2043,Santa Cruz,1971,3742
2044,Santa Cruz,1972,3884
2045,Santa Cruz,1973,3868
2046,Santa Cruz,1974,4237
2047,Santa Cruz,1975,4540
2048,Santa Cruz,1976,4777
2049,Santa Cruz,1977,5034
2050,Santa Cruz,1978,5378
2051,Santa Cruz,1979,5514
2052,Santa Cruz,1980,5568
2053,Santa Cruz,1981,5509
2054,Santa Cruz,1982,5813
2055,Santa Cruz,1983,5634
2056,Santa Cruz,1984,5607
2057,Santa Cruz,1985,5840
2058,Santa Cruz,1986,6188
2059,Santa Cruz,1987,5971
2060,Santa Cruz,1988,6089
2061,Santa Cruz,1989,6198
2062,Santa Cruz,1990,6453
2063,Santa Cruz,1991,6629
2064,Santa Cruz,1992,6302
2065,Santa Cruz,1993,6135
2066,Santa Cruz,1994,6342
2067,Santa Cruz,1995,6298
2068,Santa Cruz,1996,6203
2069,Santa Cruz,1997,6028
2070,Santa Cruz,1998,5813
2071,Santa Cruz,1999,5567
2072,Santa Cruz,2000,5736
2073,Santa Cruz,2001,5362
2074,Santa Cruz,2002,5331
2075,Santa Cruz,2003,5467
2076,Santa Cruz,2004,5516
2077,Santa Cruz,2005,5410
2078,Santa Cruz,2006,5253
2079,Santa Cruz,2007,3784
2080,Santa Fe,1900,0
2081,Santa Fe,1902,0
2082,Santa Fe,1906,0
2083,Santa Fe,1907,0
2084,Santa Fe,1908,0
2085,Santa Fe,1909,0
2086,Santa Fe,1910,0
2087,Santa Fe,1911,1
2088,Santa Fe,1912,2
2089,Santa Fe,1913,1
2090,Santa Fe,1914,0
2091,Santa Fe,1915,0
2092,Santa Fe,1916,0
2093,Santa Fe,1917,0
2094,Santa Fe,1918,0
2095,Santa Fe,1919,155
2096,Santa Fe,1920,810
2097,Santa Fe,1921,780
2098,Santa Fe,1922,918
2099,Santa Fe,1923,926
2100,Santa Fe,1924,1116
2101,Santa Fe,1925,1329
2102,Santa Fe,1926,1467
2103,Santa Fe,1927,1805
2104,Santa Fe,1928,2207
2105,Santa Fe,1929,2718
2106,Santa Fe,1930,3248
2107,Santa Fe,1931,3895
2108,Santa Fe,1932,4501
2109,Santa Fe,1933,5035
2110,Santa Fe,1934,5845
2111,Santa Fe,1935,6892
2112,Santa Fe,1936,8031
2113,Santa Fe,1937,9011
2114,Santa Fe,1938,10293
2115,Santa Fe,1939,11135
2116,Santa Fe,1940,12385
2117,Santa Fe,1941,13084
2118,Santa Fe,1942,13876
2119,Santa Fe,1943,15385
2120,Santa Fe,1944,16730
2121,Santa Fe,1945,18361
2122,Santa Fe,1946,19179
2123,Santa Fe,1947,20343
2124,Santa Fe,1948,21995
2125,Santa Fe,1949,22804
2126,Santa Fe,1950,24735
2127,Santa Fe,1951,25833
2128,Santa Fe,1952,26164
2129,Santa Fe,1953,27278
2130,Santa Fe,1954,28210
2131,Santa Fe,1955,29349
2132,Santa Fe,1956,30040
2133,Santa Fe,1957,30825
2134,Santa Fe,1958,30683
2135,Santa Fe,1959,32205
2136,Santa Fe,1960,32780
2137,Santa Fe,1961,33892
2138,Santa Fe,1962,34629
2139,Santa Fe,1963,34971
2140,Santa Fe,1964,35371
2141,Santa Fe,1965,35938
2142,Santa Fe,1966,35506
2143,Santa Fe,1967,35168
2144,Santa Fe,1968,35170
2145,Santa Fe,1969,37226
2146,Santa Fe,1970,38536
2147,Santa Fe,1971,40122
2148,Santa Fe,1972,40764
2149,Santa Fe,1973,41532
2150,Santa Fe,1974,42980
2151,Santa Fe,1975,44906
2152,Santa Fe,1976,47963
2153,Santa Fe,1977,51466
2154,Santa Fe,1978,54012
2155,Santa Fe,1979,55247
2156,Santa Fe,1980,54891
2157,Santa Fe,1981,54452
2158,Santa Fe,1982,54863
2159,Santa Fe,1983,52719
2160,Santa Fe,1984,52920
2161,Santa Fe,1985,53930
2162,Santa Fe,1986,55737
2163,Santa Fe,1987,53646
2164,Santa Fe,1988,54005
2165,Santa Fe,1989,54629
2166,Santa Fe,1990,57272
2167,Santa Fe,1991,59240
2168,Santa Fe,1992,55827
2169,Santa Fe,1993,54794
2170,Santa Fe,1994,55465
2171,Santa Fe,1995,54850
2172,Santa Fe,1996,54842
2173,Santa Fe,1997,53181
2174,Santa Fe,1998,52911
2175,Santa Fe,1999,52552
2176,Santa Fe,2000,52756
2177,Santa Fe,2001,49357
2178,Santa Fe,2002,50909
2179,Santa Fe,2003,52275
2180,Santa Fe,2004,51279
2181,Santa Fe,2005,46378
2182,Santa Fe,2006,43060
2183,Santa Fe,2007,29775
2184,Santiago del Estero,1900,0
2185,Santiago del Estero,1902,0
2186,Santiago del Estero,1906,0
2187,Santiago del Estero,1907,0
2188,Santiago del Estero,1908,0
2189,Santiago del Estero,1909,0
2190,Santiago del Estero,1910,0
2191,Santiago del Estero,1911,0
2192,Santiago del Estero,1912,1
2193,Santiago del Estero,1913,0
2194,Santiago del Estero,1914,0
2195,Santiago del Estero,1915,0
2196,Santiago del Estero,1916,0
2197,Santiago del Estero,1917,0
2198,Santiago del Estero,1918,0
2199,Santiago del Estero,1919,111
2200,Santiago del Estero,1920,511
2201,Santiago del Estero,1921,507
2202,Santiago del Estero,1922,536
2203,Santiago del Estero,1923,512
2204,Santiago del Estero,1924,513
2205,Santiago del Estero,1925,549
2206,Santiago del Estero,1926,664
2207,Santiago del Estero,1927,752
2208,Santiago del Estero,1928,962
2209,Santiago del Estero,1929,965
2210,Santiago del Estero,1930,1181
2211,Santiago del Estero,1931,1185
2212,Santiago del Estero,1932,1435
2213,Santiago del Estero,1933,1337
2214,Santiago del Estero,1934,1564
2215,Santiago del Estero,1935,1751
2216,Santiago del Estero,1936,1869
2217,Santiago del Estero,1937,2093
2218,Santiago del Estero,1938,2203
2219,Santiago del Estero,1939,2648
2220,Santiago del Estero,1940,3061
2221,Santiago del Estero,1941,2827
2222,Santiago del Estero,1942,3093
2223,Santiago del Estero,1943,3642
2224,Santiago del Estero,1944,3573
2225,Santiago del Estero,1945,4091
2226,Santiago del Estero,1946,4180
2227,Santiago del Estero,1947,4458
2228,Santiago del Estero,1948,4948
2229,Santiago del Estero,1949,5005
2230,Santiago del Estero,1950,5642
2231,Santiago del Estero,1951,6211
2232,Santiago del Estero,1952,6242
2233,Santiago del Estero,1953,6498
2234,Santiago del Estero,1954,6793
2235,Santiago del Estero,1955,6918
2236,Santiago del Estero,1956,7398
2237,Santiago del Estero,1957,7710
2238,Santiago del Estero,1958,7598
2239,Santiago del Estero,1959,7547
2240,Santiago del Estero,1960,7858
2241,Santiago del Estero,1961,7953
2242,Santiago del Estero,1962,8399
2243,Santiago del Estero,1963,8356
2244,Santiago del Estero,1964,8786
2245,Santiago del Estero,1965,8946
2246,Santiago del Estero,1966,8754
2247,Santiago del Estero,1967,9498
2248,Santiago del Estero,1968,9294
2249,Santiago del Estero,1969,9454
2250,Santiago del Estero,1970,9862
2251,Santiago del Estero,1971,10741
2252,Santiago del Estero,1972,10866
2253,Santiago del Estero,1973,11586
2254,Santiago del Estero,1974,12060
2255,Santiago del Estero,1975,12424
2256,Santiago del Estero,1976,13099
2257,Santiago del Estero,1977,14171
2258,Santiago del Estero,1978,14617
2259,Santiago del Estero,1979,14701
2260,Santiago del Estero,1980,15353
2261,Santiago del Estero,1981,14982
2262,Santiago del Estero,1982,15528
2263,Santiago del Estero,1983,14091
2264,Santiago del Estero,1984,14499
2265,Santiago del Estero,1985,14882
2266,Santiago del Estero,1986,15304
2267,Santiago del Estero,1987,14831
2268,Santiago del Estero,1988,15525
2269,Santiago del Estero,1989,15616
2270,Santiago del Estero,1990,16204
2271,Santiago del Estero,1991,17982
2272,Santiago del Estero,1992,17954
2273,Santiago del Estero,1993,17675
2274,Santiago del Estero,1994,18832
2275,Santiago del Estero,1995,18812
2276,Santiago del Estero,1996,19673
2277,Santiago del Estero,1997,19373
2278,Santiago del Estero,1998,19561
2279,Santiago del Estero,1999,19786
2280,Santiago del Estero,2000,20098
2281,Santiago del Estero,2001,18212
2282,Santiago del Estero,2002,18905
2283,Santiago del Estero,2003,17681
2284,Santiago del Estero,2004,18129
2285,Santiago del Estero,2005,16557
2286,Santiago del Estero,2006,14435
2287,Santiago del Estero,2007,8891
2288,Tierra del Fuego,1900,0
2289,Tierra del Fuego,1902,0
2290,Tierra del Fuego,1906,0
2291,Tierra del Fuego,1907,0
2292,Tierra del Fuego,1908,0
2293,Tierra del Fuego,1909,0
2294,Tierra del Fuego,1910,0
2295,Tierra del Fuego,1911,0
2296,Tierra del Fuego,1912,0
2297,Tierra del Fuego,1913,0
2298,Tierra del Fuego,1914,0
2299,Tierra del Fuego,1915,0
2300,Tierra del Fuego,1916,0
2301,Tierra del Fuego,1917,0
2302,Tierra del Fuego,1918,0
2303,Tierra del Fuego,1919,0
2304,Tierra del Fuego,1920,4
2305,Tierra del Fuego,1921,5
2306,Tierra del Fuego,1922,9
2307,Tierra del Fuego,1923,4
2308,Tierra del Fuego,1924,12
2309,Tierra del Fuego,1925,15
2310,Tierra del Fuego,1926,12
2311,Tierra del Fuego,1927,21
2312,Tierra del Fuego,1928,27
2313,Tierra del Fuego,1929,30
2314,Tierra del Fuego,1930,32
2315,Tierra del Fuego,1931,44
2316,Tierra del Fuego,1932,49
2317,Tierra del Fuego,1933,77
2318,Tierra del Fuego,1934,51
2319,Tierra del Fuego,1935,77
2320,Tierra del Fuego,1936,113
2321,Tierra del Fuego,1937,111
2322,Tierra del Fuego,1938,134
2323,Tierra del Fuego,1939,187
2324,Tierra del Fuego,1940,190
2325,Tierra del Fuego,1941,183
2326,Tierra del Fuego,1942,249
2327,Tierra del Fuego,1943,242
2328,Tierra del Fuego,1944,336
2329,Tierra del Fuego,1945,336
2330,Tierra del Fuego,1946,393
2331,Tierra del Fuego,1947,419
2332,Tierra del Fuego,1948,522
2333,Tierra del Fuego,1949,613
2334,Tierra del Fuego,1950,651
2335,Tierra del Fuego,1951,701
2336,Tierra del Fuego,1952,826
2337,Tierra del Fuego,1953,935
2338,Tierra del Fuego,1954,979
2339,Tierra del Fuego,1955,1076
2340,Tierra del Fuego,1956,1212
2341,Tierra del Fuego,1957,1260
2342,Tierra del Fuego,1958,1359
2343,Tierra del Fuego,1959,1537
2344,Tierra del Fuego,1960,1612
2345,Tierra del Fuego,1961,1704
2346,Tierra del Fuego,1962,1833
2347,Tierra del Fuego,1963,1876
2348,Tierra del Fuego,1964,1873
2349,Tierra del Fuego,1965,1791
2350,Tierra del Fuego,1966,1736
2351,Tierra del Fuego,1967,1831
2352,Tierra del Fuego,1968,1690
2353,Tierra del Fuego,1969,1699
2354,Tierra del Fuego,1970,1879
2355,Tierra del Fuego,1971,2066
2356,Tierra del Fuego,1972,2051
2357,Tierra del Fuego,1973,2097
2358,Tierra del Fuego,1974,2136
2359,Tierra del Fuego,1975,2462
2360,Tierra del Fuego,1976,2531
2361,Tierra del Fuego,1977,2742
2362,Tierra del Fuego,1978,2806
2363,Tierra del Fuego,1979,2918
2364,Tierra del Fuego,1980,3006
2365,Tierra del Fuego,1981,3090
2366,Tierra del Fuego,1982,3191
2367,Tierra del Fuego,1983,3068
2368,Tierra del Fuego,1984,3218
2369,Tierra del Fuego,1985,3381
2370,Tierra del Fuego,1986,3694
2371,Tierra del Fuego,1987,3675
2372,Tierra del Fuego,1988,3696
2373,Tierra del Fuego,1989,3760
2374,Tierra del Fuego,1990,3889
2375,Tierra del Fuego,1991,3898
2376,Tierra del Fuego,1992,3611
2377,Tierra del Fuego,1993,3751
2378,Tierra del Fuego,1994,3781
2379,Tierra del Fuego,1995,3614
2380,Tierra del Fuego,1996,3443
2381,Tierra del Fuego,1997,3327
2382,Tierra del Fuego,1998,3224
2383,Tierra del Fuego,1999,3131
2384,Tierra del Fuego,2000,3130
2385,Tierra del Fuego,2001,2943
2386,Tierra del Fuego,2002,2954
2387,Tierra del Fuego,2003,2816
2388,Tierra del Fuego,2004,2855
2389,Tierra del Fuego,2005,2766
2390,Tierra del Fuego,2006,2663
2391,Tierra del Fuego,2007,2079
2392,Tucuman,1900,0
2393,Tucuman,1902,0
2394,Tucuman,1906,0
2395,Tucuman,1907,0
2396,Tucuman,1908,0
2397,Tucuman,1909,0
2398,Tucuman,1910,0
2399,Tucuman,1911,0
2400,Tucuman,1912,1
2401,Tucuman,1913,0
2402,Tucuman,1914,0
2403,Tucuman,1915,2
2404,Tucuman,1916,1
2405,Tucuman,1917,1
2406,Tucuman,1918,0
2407,Tucuman,1919,108
2408,Tucuman,1920,572
2409,Tucuman,1921,631
2410,Tucuman,1922,717
2411,Tucuman,1923,676
2412,Tucuman,1924,710
2413,Tucuman,1925,811
2414,Tucuman,1926,898
2415,Tucuman,1927,1010
2416,Tucuman,1928,1196
2417,Tucuman,1929,1379
2418,Tucuman,1930,1506
2419,Tucuman,1931,1703
2420,Tucuman,1932,2001
2421,Tucuman,1933,2068
2422,Tucuman,1934,2218
2423,Tucuman,1935,2561
2424,Tucuman,1936,2674
2425,Tucuman,1937,3026
2426,Tucuman,1938,3256
2427,Tucuman,1939,3897
2428,Tucuman,1940,4284
2429,Tucuman,1941,4640
2430,Tucuman,1942,4886
2431,Tucuman,1943,5697
2432,Tucuman,1944,5758
2433,Tucuman,1945,6079
2434,Tucuman,1946,6882
2435,Tucuman,1947,8211
2436,Tucuman,1948,8901
2437,Tucuman,1949,9351
2438,Tucuman,1950,10422
2439,Tucuman,1951,10992
2440,Tucuman,1952,11170
2441,Tucuman,1953,12396
2442,Tucuman,1954,12530
2443,Tucuman,1955,13214
2444,Tucuman,1956,13704
2445,Tucuman,1957,13894
2446,Tucuman,1958,13762
2447,Tucuman,1959,13787
2448,Tucuman,1960,13709
2449,Tucuman,1961,13860
2450,Tucuman,1962,14583
2451,Tucuman,1963,14485
2452,Tucuman,1964,15127
2453,Tucuman,1965,15020
2454,Tucuman,1966,14798
2455,Tucuman,1967,14940
2456,Tucuman,1968,15332
2457,Tucuman,1969,16324
2458,Tucuman,1970,16939
2459,Tucuman,1971,17653
2460,Tucuman,1972,17604
2461,Tucuman,1973,18399
2462,Tucuman,1974,20047
2463,Tucuman,1975,21051
2464,Tucuman,1976,21577
2465,Tucuman,1977,24042
2466,Tucuman,1978,26305
2467,Tucuman,1979,26274
2468,Tucuman,1980,25396
2469,Tucuman,1981,25537
2470,Tucuman,1982,24998
2471,Tucuman,1983,22607
2472,Tucuman,1984,22451
2473,Tucuman,1985,23475
2474,Tucuman,1986,25546
2475,Tucuman,1987,24817
2476,Tucuman,1988,25224
2477,Tucuman,1989,24242
2478,Tucuman,1990,25779
2479,Tucuman,1991,28612
2480,Tucuman,1992,28014
2481,Tucuman,1993,27864
2482,Tucuman,1994,28296
2483,Tucuman,1995,28879
2484,Tucuman,1996,29782
2485,Tucuman,1997,28988
2486,Tucuman,1998,29244
2487,Tucuman,1999,29403
2488,Tucuman,2000,30435
2489,Tucuman,2001,28015
2490,Tucuman,2002,29445
2491,Tucuman,2003,27575
2492,Tucuman,2004,27917
2493,Tucuman,2005,25611
2494,Tucuman,2006,23748
2495,Tucuman,2007,16326
